"FullName","Length","LastWriteTime"
"D:\Desktop\Research\ICML2026\pine\reproduction\environment.txt","672","8/1/2026 11:01:03 PM"
"D:\Desktop\Research\ICML2026\pine\reproduction\evidence_inventory.csv","0","8/2/2026 12:55:40 AM"
"D:\Desktop\Research\ICML2026\pine\reproduction\git_commit.txt","86","8/1/2026 10:59:36 PM"
"D:\Desktop\Research\ICML2026\pine\reproduction\git_remotes.txt","430","8/1/2026 11:00:32 PM"
"D:\Desktop\Research\ICML2026\pine\reproduction\git_status.txt","492","8/1/2026 10:59:46 PM"
"D:\Desktop\Research\ICML2026\pine\reproduction\LOGBOOK.md","3736","8/2/2026 12:03:15 AM"
"D:\Desktop\Research\ICML2026\pine\reproduction\configs\C2_A005.txt","298","8/1/2026 11:52:47 PM"
"D:\Desktop\Research\ICML2026\pine\reproduction\configs\C2_A010.txt","298","8/1/2026 11:52:52 PM"
"D:\Desktop\Research\ICML2026\pine\reproduction\configs\C2_A020.txt","298","8/1/2026 11:52:55 PM"
"D:\Desktop\Research\ICML2026\pine\reproduction\configs\C2_A040.txt","298","8/1/2026 11:52:58 PM"
"D:\Desktop\Research\ICML2026\pine\reproduction\configs\C2_A080.txt","298","8/1/2026 11:53:01 PM"
"D:\Desktop\Research\ICML2026\pine\reproduction\logs\00_pytest.log","202","8/1/2026 11:01:33 PM"
"D:\Desktop\Research\ICML2026\pine\reproduction\logs\01_quickstart.log","328","8/1/2026 11:08:51 PM"
"D:\Desktop\Research\ICML2026\pine\reproduction\logs\01_quickstart_runtime.txt","686","8/1/2026 11:08:51 PM"
"D:\Desktop\Research\ICML2026\pine\reproduction\logs\02_cli_help.log","2544","8/1/2026 11:19:00 PM"
"D:\Desktop\Research\ICML2026\pine\reproduction\logs\C2_A005.log","82","8/1/2026 11:52:51 PM"
"D:\Desktop\Research\ICML2026\pine\reproduction\logs\C2_A005_runtime.txt","309","8/1/2026 11:52:52 PM"
"D:\Desktop\Research\ICML2026\pine\reproduction\logs\C2_A010.log","82","8/1/2026 11:52:55 PM"
"D:\Desktop\Research\ICML2026\pine\reproduction\logs\C2_A010_runtime.txt","309","8/1/2026 11:52:55 PM"
"D:\Desktop\Research\ICML2026\pine\reproduction\logs\C2_A020.log","82","8/1/2026 11:52:57 PM"
"D:\Desktop\Research\ICML2026\pine\reproduction\logs\C2_A020_runtime.txt","309","8/1/2026 11:52:58 PM"
"D:\Desktop\Research\ICML2026\pine\reproduction\logs\C2_A040.log","82","8/1/2026 11:53:00 PM"
"D:\Desktop\Research\ICML2026\pine\reproduction\logs\C2_A040_runtime.txt","309","8/1/2026 11:53:01 PM"
"D:\Desktop\Research\ICML2026\pine\reproduction\logs\C2_A080.log","82","8/1/2026 11:53:03 PM"
"D:\Desktop\Research\ICML2026\pine\reproduction\logs\C2_A080_runtime.txt","309","8/1/2026 11:53:03 PM"
"D:\Desktop\Research\ICML2026\pine\reproduction\results\C2_A005.csv","295","8/1/2026 11:52:51 PM"
"D:\Desktop\Research\ICML2026\pine\reproduction\results\C2_A010.csv","310","8/1/2026 11:52:55 PM"
"D:\Desktop\Research\ICML2026\pine\reproduction\results\C2_A020.csv","310","8/1/2026 11:52:57 PM"
"D:\Desktop\Research\ICML2026\pine\reproduction\results\C2_A040.csv","326","8/1/2026 11:53:00 PM"
"D:\Desktop\Research\ICML2026\pine\reproduction\results\C2_A080.csv","325","8/1/2026 11:53:03 PM"
"D:\Desktop\Research\ICML2026\pine\reproduction\results\legacy_breast_cancer_alpha_02.csv","310","7/16/2026 12:42:09 AM"
"D:\Desktop\Research\ICML2026\pine\reproduction\results\legacy_pine_chowliu.csv","886","7/17/2026 10:59:26 PM"
"D:\Desktop\Research\ICML2026\pine\reproduction\scripts\run_claim2_alpha_sweep.ps1","1681","8/1/2026 11:52:38 PM"
"D:\Desktop\Research\ICML2026\pine\reproduction\tables\claim2_alpha_sweep.csv","1207","8/1/2026 11:53:07 PM"
"D:\Desktop\Research\ICML2026\pine\reproduction\tables\claim2_alpha_sweep_final.csv","1001","8/1/2026 11:58:34 PM"
"D:\Desktop\Research\ICML2026\pine\reproduction\tables\claim2_alpha_sweep_with_targets.csv","1638","8/1/2026 11:53:33 PM"
"D:\Desktop\Research\ICML2026\pine\reproduction\tables\claim3_equivalence_final.csv","461","8/2/2026 12:01:52 AM"
